{"python3.13.exe": 42.04261803627014, "Code.exe": 28.023479223251343, "explorer.exe": 14.012151718139648, "Discord.exe": 30.02178192138672}