{"python3.13.exe": 148.8198425769806, "Code.exe": 6.041301727294922, "VALORANT-Win64-Shipping.exe": 2102.4770007133484, "SearchHost.exe": 13.097330331802368, "explorer.exe": 95.62013220787048, "Taskmgr.exe": 23.20187544822693, "steamwebhelper.exe": 2.0263512134552, "Rainmeter.exe": 2.026780843734741, "TranslucentTB.exe": 1.0005054473876953, "StartMenuExperienceHost.exe": 1.0066640377044678, "Unknown": 3.0318291187286377, "Riot Client.exe": 2.0121946334838867, "launcher_main.exe": 101.45886611938477, "Client-Win64-Shipping.exe": 1408.6079823970795, "KRSDKExternal.exe": 65.35034418106079, "Discord.exe": 329.7160129547119, "chrome.exe": 177.46000003814697, "SnippingTool.exe": 2.0145528316497803, "ShellHost.exe": 8.050225496292114}