{"python3.13.exe": 3.0199012756347656, "Code.exe": 1.0025534629821777, "explorer.exe": 1.004486322402954}