{"python3.13.exe": 46.21292471885681, "Code.exe": 32.27456784248352, "explorer.exe": 6.046677589416504, "Unknown": 1.0035109519958496, "chrome.exe": 5.03807258605957}