{"python3.13.exe": 3.020219087600708, "Code.exe": 2.021730899810791, "explorer.exe": 3.0042848587036133, "chrome.exe": 2.010298728942871}