{"python3.13.exe": 18.02221703529358, "Code.exe": 6.008206605911255, "explorer.exe": 1.0008573532104492}